file,detected,reference_detected,classified,reference_classified,nice,reference_nice_at_030,original_nice,area_mm2_sum,reference_area_mm2_sum
20260327_10300987_01.tif,1,1,1,1,1,1,1,0.0466783340625,0.0466783340625
20260327_10311616_02.tif,0,0,0,0,0,0,0,0.0,0.0
20260327_10333148_03.tif,0,0,0,0,0,0,0,0.0,0.0
20260327_10343300_04.tif,1,1,1,1,0,0,0,0.0,0.0
20260327_10353564_05.tif,2,2,2,2,0,0,0,0.0,0.0
20260327_10370620_06.tif,33,33,33,33,20,20,20,6.5320030650000005,6.532003064999999
20260327_10381867_07.tif,45,45,45,45,25,25,25,6.85171260703125,6.85171260703125
20260327_10394222_08.tif,39,39,39,39,24,24,24,7.946060216718751,7.94606021671875
20260327_10404334_09.tif,45,45,45,45,23,23,23,8.15277855328125,8.15277855328125
20260327_10420434_10.tif,45,45,45,45,17,17,17,6.2488458692187505,6.24884586921875
20260327_10435256_14.tif,27,27,27,27,14,14,14,3.89727043125,3.8972704312500004
20260327_10453225_12.tif,23,23,23,23,11,11,11,2.4790146992187503,2.4790146992187503
20260327_10465307_13.tif,27,27,27,27,16,16,16,3.0952181039062503,3.09521810390625
20260327_10480747_11.tif,22,22,22,22,13,13,13,2.87170544609375,2.8717054460937503
20260327_10491245_15.tif,18,18,18,18,11,11,11,2.64794581296875,2.6479458129687505
20260327_10501620_16.tif,20,20,20,20,10,10,10,1.77711086109375,1.77711086109375
20260327_11064232_17.tif,24,24,24,24,18,18,18,5.9651947228125,5.965194722812501
20260327_11073624_18.tif,18,18,18,18,10,10,11,2.8992431934375,2.8992431934375
20260327_11095561_19.tif,25,25,25,25,14,14,14,4.33985019125,4.33985019125
20260327_11105723_20.tif,22,22,22,22,12,12,12,3.5784253028125,3.5784253028124997
20260327_11123074_21.tif,29,29,29,29,14,14,14,4.362571920000001,4.36257192
20260327_11135134_22.tif,20,20,20,20,12,12,12,3.9535808025000003,3.9535808024999994
20260327_11150678_23.tif,15,15,15,15,7,7,7,2.17893969453125,2.17893969453125
20260327_11162494_24.tif,18,18,18,18,9,9,9,2.87960865609375,2.8796086560937497
20260327_11173418_25.tif,16,16,16,16,6,6,6,1.37923363265625,1.37923363265625
20260327_11184280_26.tif,17,17,17,17,11,11,11,2.87615100171875,2.8761510017187497
20260327_11201731_27.tif,26,26,26,26,16,16,16,3.6302901184375003,3.6302901184375003
20260327_11211275_28.tif,23,23,23,23,16,16,16,4.2941597584375,4.2941597584375
20260327_11221020_29.tif,29,29,29,29,21,21,21,4.870600137812501,4.870600137812499
20260327_11231376_30.tif,22,22,22,22,13,13,13,2.8557755384375003,2.8557755384375
20260327_11240990_31.tif,24,24,24,24,14,14,14,3.417644374375,3.417644374375
20260327_12174609_32.tif,15,15,15,15,6,6,6,1.7831617562500002,1.78316175625
20260327_12185127_33.tif,18,18,18,18,6,6,6,1.35996955828125,1.35996955828125
20260327_12195075_34.tif,18,18,18,18,8,8,8,1.9398675920312503,1.9398675920312503
20260327_12204922_35.tif,22,22,22,22,5,5,5,1.78995357734375,1.78995357734375
20260327_12220404_36.tif,3,3,3,3,1,1,1,0.4467783403125,0.4467783403125
20260327_12230171_37.tif,5,5,5,5,2,2,2,0.51630189078125,0.51630189078125
20260327_12240384_38.tif,4,4,4,4,0,0,0,0.0,0.0
20260327_12250556_39.tif,4,4,4,4,1,1,1,0.32156185687500005,0.321561856875
20260327_12255804_40.tif,3,3,3,3,1,1,1,0.28056395500000003,0.280563955
20260330_07133866_01.tif,2,2,2,2,1,1,1,0.30785472703125,0.30785472703125
20260330_07145764_02.tif,38,38,38,38,22,22,22,7.30170162640625,7.30170162640625
20260330_07160772_03.tif,21,21,21,21,15,15,15,4.8582513721875,4.8582513721875005
20260330_07172868_04.tif,8,8,8,8,4,4,4,0.774020629375,0.774020629375
20260330_07184288_05.tif,13,13,13,13,9,9,9,2.72623698703125,2.72623698703125
20260330_07200469_06.tif,37,37,37,37,23,23,23,7.583500457968751,7.583500457968749
20260330_07211190_07.tif,48,48,48,48,19,19,19,5.14560714828125,5.14560714828125
20260330_07222061_08.tif,22,22,22,22,16,16,16,4.705373653750001,4.70537365375
20260330_07232914_09.tif,33,33,33,33,16,16,16,3.9661765434375003,3.9661765434375003
20260330_07243755_10.tif,14,14,14,14,3,3,3,0.91615492171875,0.91615492171875
20260330_07263275_11.tif,27,27,27,27,10,10,10,2.41838226,2.4183822600000004
20260330_07274416_12.tif,13,13,13,13,8,8,8,1.9888921915625,1.9888921915624997
20260330_07285353_13.tif,2,2,2,2,0,0,0,0.0,0.0
20260402_08055374_01.tif,3,3,3,3,1,1,1,0.0790321,0.0790321
20260402_08064237_02.tif,3,3,3,3,1,1,1,0.138800125625,0.138800125625
20260402_08071344_03.tif,1,1,1,1,1,1,1,0.114102594375,0.114102594375
20260402_08080658_04.tif,5,5,5,5,1,1,1,0.12077092781250001,0.1207709278125
20260402_08090247_05.tif,3,3,3,3,2,2,2,0.38577543812500004,0.38577543812500004
20260402_08100673_06.tif,37,37,37,37,23,23,23,5.75662407140625,5.75662407140625
20260402_08114883_07.tif,26,26,26,26,13,13,13,3.1730153273437502,3.17301532734375
20260402_08131859_08.tif,19,19,19,19,12,12,12,3.6105320934375,3.6105320934375005
20260402_08140631_09.tif,38,38,38,38,12,12,12,2.943451774375,2.943451774375
20260402_08145240_10.tif,10,10,10,10,4,4,4,1.08804973921875,1.08804973921875
20260402_08153138_11.tif,17,17,17,17,10,10,10,2.30563802984375,2.3056380298437498
20260402_08160206_12.tif,30,30,30,30,17,17,17,3.6023819081250004,3.602381908125
20260402_08162409_13.tif,25,25,25,25,13,13,13,2.8888702303125,2.8888702303124996
20260402_08165638_14.tif,13,13,13,13,7,7,7,1.58002456171875,1.58002456171875
20260402_08172114_15.tif,24,24,24,24,9,9,9,2.3505875367187503,2.35058753671875
20260402_08174572_16.tif,8,8,8,8,5,5,5,1.0242066209375,1.0242066209375
20260402_08181262_17.tif,15,15,15,15,6,6,6,1.51062449890625,1.5106244989062498
20260402_08191039_18.tif,6,6,6,6,1,1,1,0.2605589546875,0.2605589546875
20260402_08195874_19.tif,18,18,18,18,8,8,8,1.9486352156250002,1.9486352156250002
20260402_08211091_20.tif,13,13,13,13,7,7,7,1.8004500281250002,1.8004500281249998
20260402_08220024_21.tif,45,45,45,45,22,22,22,6.0854717,6.0854717
20260402_08230349_22.tif,45,45,45,45,24,24,24,6.54126463921875,6.54126463921875
20260402_08235424_23.tif,47,47,47,47,25,25,25,6.9449457875,6.944945787499999
20260402_08250928_24.tif,8,8,8,8,6,6,6,1.6791851496875,1.6791851496875
20260402_08263130_25.tif,15,15,15,15,11,11,11,2.9180133171875,2.9180133171874996
20260402_08272377_26.tif,30,30,30,30,23,23,23,5.347015515625,5.347015515624999
20260402_08282155_27.tif,37,37,37,37,20,20,20,4.3400971665625,4.3400971665625
20260402_08291138_28.tif,30,30,30,30,15,15,15,3.668571291875,3.6685712918749998
20260402_08295382_29.tif,26,26,26,26,14,14,14,2.8044046734375003,2.8044046734375
20260402_08304712_30.tif,12,12,12,12,7,7,7,1.6549815690625,1.6549815690624998
20260402_08311961_31.tif,29,29,29,29,13,13,13,3.4043077075,3.4043077074999997
20260402_08315676_32.tif,27,27,27,27,16,16,16,3.43431520796875,3.43431520796875
20260402_08321919_33.tif,39,39,39,39,28,28,28,6.112762472031251,6.11276247203125
20260402_08324540_34.tif,38,38,38,38,18,18,18,3.7410585460937504,3.7410585460937504
20260402_08332226_35.tif,28,28,28,28,12,12,12,2.1677023178125,2.1677023178124997
20260402_08341170_36.tif,28,28,28,28,20,20,20,4.0580513596875,4.0580513596875
20260402_08343891_37.tif,5,5,5,5,5,5,5,1.19869467921875,1.1986946792187498
20260402_08350237_38.tif,36,36,36,36,19,19,19,3.7406880831250002,3.740688083125
20260402_08355303_39.tif,27,27,27,27,11,11,11,2.0244566365625,2.0244566365625
20260402_08362664_40.tif,8,8,8,8,3,3,3,0.6605354732812501,0.66053547328125
20260402_08365264_41.tif,17,17,17,17,7,7,7,1.60151141390625,1.60151141390625
20260402_08371994_42.tif,12,12,12,12,3,3,3,0.81958757453125,0.8195875745312501
20260402_08374115_43.tif,19,19,18,18,7,7,7,1.4430767509375,1.4430767509374998
20260402_08384319_44.tif,3,3,3,3,1,1,1,0.28414509703125,0.28414509703125
20260402_08392563_45.tif,26,26,26,26,16,16,16,2.9167784406250004,2.916778440625
20260407_08051121_01.tif,2,2,2,2,0,0,0,0.0,0.0
20260407_08081404_02.tif,16,16,16,16,10,10,10,3.8119404607812504,3.81194046078125
20260407_08090682_03.tif,11,11,11,11,7,7,7,0.95221331734375,0.9522133173437499
20260407_08093454_04.tif,10,10,10,10,6,6,6,0.8641666184375001,0.8641666184375
20260407_08100722_05.tif,30,30,30,30,21,21,21,5.3941878003125,5.3941878003125
20260407_08141740_06.tif,24,24,24,24,7,7,7,2.3965249448437502,2.39652494484375
20260407_08155376_07.tif,8,8,8,8,4,4,4,0.56470905203125,0.56470905203125
20260407_08161966_08.tif,15,15,15,15,9,9,9,1.039272115,1.039272115
20260407_08165197_09.tif,15,15,15,15,9,9,9,1.7543891323437502,1.7543891323437502
20260407_08175570_10.tif,48,48,48,48,28,28,28,3.95345731484375,3.9534573148437504
20260407_08182312_11.tif,18,18,18,18,7,7,7,1.3109449587500002,1.31094495875
20260624_13524759_01.tif,23,23,23,23,14,14,14,5.689323298750001,5.68932329875
20260624_13532293_02.tif,7,7,7,7,6,6,6,2.4072683709375,2.4072683709375005
20260624_13535897_03.tif,24,24,24,24,16,16,16,7.468286474687501,7.4682864746875
20260624_13543542_04.tif,28,28,28,28,15,15,15,5.6747517553125,5.674751755312501
20260624_13551146_05.tif,15,15,15,15,8,8,8,2.7703220803125,2.7703220803125
20260624_13592021_06.tif,6,6,6,6,4,4,4,0.82304522890625,0.82304522890625
20260624_13595584_07.tif,1,1,1,1,0,0,0,0.0,0.0
20260624_14003178_08.tif,7,7,7,7,5,5,5,1.2873588164062502,1.28735881640625
20260624_14043087_09.tif,16,16,16,16,5,5,5,1.673010766875,1.673010766875
20260624_14050457_10.tif,13,13,13,13,6,6,6,2.0699000940625,2.0699000940625
20260624_14053787_11.tif,4,4,4,4,3,3,3,0.6905429737500001,0.69054297375
20260624_14061360_12.tif,7,7,7,7,3,3,3,0.8461374206250001,0.846137420625
20260624_14064995_13.tif,6,6,6,6,2,2,2,0.60373115140625,0.60373115140625
20260624_14073026_14.tif,17,17,17,17,10,10,10,3.3387357620312503,3.33873576203125
20260624_14160537_15.tif,30,30,30,30,22,22,22,7.711063206875001,7.711063206875001
20260624_14170131_16.tif,25,25,25,25,12,12,12,4.6709205976562505,4.67092059765625
20260624_14175460_17.tif,1,1,1,1,0,0,0,0.0,0.0
20260624_14195052_19.tif,11,11,11,11,7,7,7,2.7120359065625,2.7120359065625004
20260624_14205489_20.tif,3,3,3,3,2,2,2,0.8411979143750001,0.8411979143749999
20260624_14215995_21.tif,13,13,13,13,11,11,11,4.037799384062501,4.0377993840625
20260624_14280237_22.tif,10,10,10,10,5,5,5,1.5778017839062501,1.5778017839062497
20260624_14285304_23.tif,22,22,22,22,14,14,14,4.56076960828125,4.56076960828125
20260624_14293679_24.tif,23,23,23,23,13,13,13,4.46840084140625,4.46840084140625
20260624_14301739_25.tif,3,3,3,3,3,3,3,1.0459404484375001,1.0459404484375
20260624_14305678_26.tif,11,11,11,11,7,7,7,2.3094661471875,2.3094661471875
20260624_14360153_27.tif,8,8,8,8,1,1,1,0.22820518875,0.22820518875
20260624_14363859_28.tif,16,16,16,16,11,11,11,2.8510830075,2.8510830075
20260624_14371889_29.tif,16,16,16,16,6,6,6,1.9723448456250001,1.972344845625
20260624_14382375_30.tif,3,3,3,3,3,3,3,0.6052130032812499,0.6052130032812499
20260624_14390132_31.tif,9,9,9,9,7,7,7,2.1439926878125,2.1439926878124997
20260624_14394933_32.tif,7,7,7,7,2,2,2,0.68659136875,0.68659136875
20260624_14434789_33.tif,6,6,6,6,4,4,4,0.76451207984375,0.76451207984375
20260624_14442271_34.tif,30,30,30,30,16,16,16,4.44246843359375,4.44246843359375
20260624_14445845_35.tif,8,8,8,8,4,4,4,1.2538936615625,1.2538936615625
20260624_14453408_36.tif,20,20,20,20,3,3,3,1.0219838431250001,1.021983843125
20260624_14503100_37.tif,17,17,17,17,10,10,10,3.31132150234375,3.31132150234375
20260624_14510684_38.tif,19,19,19,19,7,7,7,2.2383372571875,2.2383372571875
20260624_14514593_39.tif,4,4,4,4,2,2,2,0.668315195625,0.668315195625
20260624_14522989_40.tif,9,9,9,9,4,4,4,1.20437511140625,1.20437511140625
20260624_14530460_41.tif,10,10,10,10,4,4,4,1.3660204534375,1.3660204534375
20260624_14533819_42.tif,4,4,4,4,1,1,1,0.1676962371875,0.1676962371875
